cluster_name,cluster_context,cluster_server,detection_type,tool_name,installed,namespace,resource_name,detail_1,detail_2,detail_3,detail_4,detail_5,detail_6
ocp-prod-east,admin/api-ocp-prod-east:6443,https://api.ocp-prod-east.example.com:6443,operator,openshift-pipelines-operator,true,openshift-operators,openshift-pipelines-operator-rh,version=1.15.0,channel=latest,,,,
ocp-prod-east,admin/api-ocp-prod-east:6443,https://api.ocp-prod-east.example.com:6443,operator,openshift-gitops-operator,true,openshift-operators,openshift-gitops-operator,version=1.13.0,channel=latest,,,,
ocp-prod-east,admin/api-ocp-prod-east:6443,https://api.ocp-prod-east.example.com:6443,argocd_instance,argocd,true,openshift-gitops,openshift-gitops,tls-enabled=true,rbac-enabled=true,sso-enabled=true,,,
ocp-prod-east,admin/api-ocp-prod-east:6443,https://api.ocp-prod-east.example.com:6443,tekton_chains,chains,true,openshift-pipelines,chains-config,signing-enabled=true,transparency-enabled=true,,,,
ocp-staging,admin/api-ocp-staging:6443,https://api.ocp-staging.example.com:6443,operator,openshift-pipelines-operator,true,openshift-operators,openshift-pipelines-operator-rh,version=1.15.0,channel=latest,,,,
ocp-staging,admin/api-ocp-staging:6443,https://api.ocp-staging.example.com:6443,operator,openshift-gitops-operator,true,openshift-operators,openshift-gitops-operator,version=1.13.0,channel=latest,,,,
ocp-staging,admin/api-ocp-staging:6443,https://api.ocp-staging.example.com:6443,argocd_instance,argocd,true,openshift-gitops,openshift-gitops,tls-enabled=true,rbac-enabled=true,sso-enabled=false,,,
ocp-dev,admin/api-ocp-dev:6443,https://api.ocp-dev.example.com:6443,operator,openshift-pipelines-operator,true,openshift-operators,openshift-pipelines-operator-rh,version=1.15.0,channel=latest,,,,
ocp-dev,admin/api-ocp-dev:6443,https://api.ocp-dev.example.com:6443,operator,openshift-gitops-operator,false,,,,,,,,
