cluster_name,cluster_context,cluster_server,name,cluster_id,desired_version,history_state,history_version,available,progressing,failing,observed_generation
ocp-prod-east,admin/api-ocp-prod-east:6443,https://api.ocp-prod-east.example.com:6443,version,8a7b6c5d-1111-2222-3333-444455556666,4.18.28,Completed,4.18.28,True,False,False,7
ocp-staging,admin/api-ocp-staging:6443,https://api.ocp-staging.example.com:6443,version,9b8c7d6e-aaaa-bbbb-cccc-ddddeeeeffff,4.18.24,Completed,4.18.24,True,False,False,6
ocp-dev,admin/api-ocp-dev:6443,https://api.ocp-dev.example.com:6443,version,1a2b3c4d-5e6f-7a8b-9c0d-1e2f3a4b5c6d,4.18.18,Completed,4.18.18,True,False,False,4
ocp-prod-west,admin/api-ocp-prod-west:6443,https://api.ocp-prod-west.example.com:6443,version,8a7b6c5d-1111-2222-3333-444455556666,4.18.28,Completed,4.18.28,True,False,False,7
ocp-prod-central,admin/api-ocp-prod-central:6443,https://api.ocp-prod-central.example.com:6443,version,8a7b6c5d-1111-2222-3333-444455556666,4.18.28,Completed,4.18.28,True,False,False,7
ocp-stage-west,admin/api-ocp-stage-west:6443,https://api.ocp-stage-west.example.com:6443,version,9b8c7d6e-aaaa-bbbb-cccc-ddddeeeeffff,4.18.24,Completed,4.18.24,True,False,False,6
ocp-stage-eu,admin/api-ocp-stage-eu:6443,https://api.ocp-stage-eu.example.com:6443,version,9b8c7d6e-aaaa-bbbb-cccc-ddddeeeeffff,4.18.24,Completed,4.18.24,True,False,False,6
ocp-dev-west,admin/api-ocp-dev-west:6443,https://api.ocp-dev-west.example.com:6443,version,1a2b3c4d-5e6f-7a8b-9c0d-1e2f3a4b5c6d,4.18.18,Completed,4.18.18,True,False,False,4
ocp-sandbox,admin/api-ocp-sandbox:6443,https://api.ocp-sandbox.example.com:6443,version,1a2b3c4d-5e6f-7a8b-9c0d-1e2f3a4b5c6d,4.18.18,Completed,4.18.18,True,False,False,4
