cluster_name,cluster_context,cluster_server,namespace,is_system_namespace,has_default_deny_netpol,netpol_count,has_resourcequota,has_limitrange,has_owner_label,rolebinding_count,distinct_serviceaccounts
ocp-prod-east,admin/api-ocp-prod-east:6443,https://api.ocp-prod-east.example.com:6443,openshift-monitoring,true,false,0,false,false,false,5,8
ocp-prod-east,admin/api-ocp-prod-east:6443,https://api.ocp-prod-east.example.com:6443,kube-system,true,false,0,false,false,false,5,8
ocp-prod-east,admin/api-ocp-prod-east:6443,https://api.ocp-prod-east.example.com:6443,payments-prod,true,3,true,true,true,4,6
ocp-prod-east,admin/api-ocp-prod-east:6443,https://api.ocp-prod-east.example.com:6443,billing-app,true,2,true,true,true,3,5
ocp-prod-west,admin/api-ocp-prod-west:6443,https://api.ocp-prod-west.example.com:6443,openshift-monitoring,true,false,0,false,false,false,5,8
ocp-prod-west,admin/api-ocp-prod-west:6443,https://api.ocp-prod-west.example.com:6443,kube-system,true,false,0,false,false,false,5,8
ocp-prod-west,admin/api-ocp-prod-west:6443,https://api.ocp-prod-west.example.com:6443,payments-prod,true,3,true,true,true,4,6
ocp-prod-west,admin/api-ocp-prod-west:6443,https://api.ocp-prod-west.example.com:6443,billing-app,true,2,true,true,true,3,5
ocp-prod-central,admin/api-ocp-prod-central:6443,https://api.ocp-prod-central.example.com:6443,openshift-monitoring,true,false,0,false,false,false,5,8
ocp-prod-central,admin/api-ocp-prod-central:6443,https://api.ocp-prod-central.example.com:6443,kube-system,true,false,0,false,false,false,5,8
ocp-prod-central,admin/api-ocp-prod-central:6443,https://api.ocp-prod-central.example.com:6443,payments-prod,true,3,true,true,true,4,6
ocp-prod-central,admin/api-ocp-prod-central:6443,https://api.ocp-prod-central.example.com:6443,billing-app,true,2,true,true,true,3,5
ocp-staging,admin/api-ocp-staging:6443,https://api.ocp-staging.example.com:6443,openshift-monitoring,true,false,0,false,false,false,5,8
ocp-staging,admin/api-ocp-staging:6443,https://api.ocp-staging.example.com:6443,kube-system,true,false,0,false,false,false,5,8
ocp-staging,admin/api-ocp-staging:6443,https://api.ocp-staging.example.com:6443,payments-prod,true,3,true,true,true,4,6
ocp-staging,admin/api-ocp-staging:6443,https://api.ocp-staging.example.com:6443,billing-app,true,2,true,true,true,3,5
ocp-stage-west,admin/api-ocp-stage-west:6443,https://api.ocp-stage-west.example.com:6443,openshift-monitoring,true,false,0,false,false,false,5,8
ocp-stage-west,admin/api-ocp-stage-west:6443,https://api.ocp-stage-west.example.com:6443,kube-system,true,false,0,false,false,false,5,8
ocp-stage-west,admin/api-ocp-stage-west:6443,https://api.ocp-stage-west.example.com:6443,payments-prod,true,3,true,true,true,4,6
ocp-stage-west,admin/api-ocp-stage-west:6443,https://api.ocp-stage-west.example.com:6443,billing-app,true,2,true,true,true,3,5
ocp-stage-eu,admin/api-ocp-stage-eu:6443,https://api.ocp-stage-eu.example.com:6443,openshift-monitoring,true,false,0,false,false,false,5,8
ocp-stage-eu,admin/api-ocp-stage-eu:6443,https://api.ocp-stage-eu.example.com:6443,kube-system,true,false,0,false,false,false,5,8
ocp-stage-eu,admin/api-ocp-stage-eu:6443,https://api.ocp-stage-eu.example.com:6443,payments-prod,true,3,true,true,true,4,6
ocp-stage-eu,admin/api-ocp-stage-eu:6443,https://api.ocp-stage-eu.example.com:6443,billing-app,true,2,true,true,true,3,5
ocp-dev,admin/api-ocp-dev:6443,https://api.ocp-dev.example.com:6443,openshift-monitoring,true,false,0,false,false,false,5,8
ocp-dev,admin/api-ocp-dev:6443,https://api.ocp-dev.example.com:6443,kube-system,true,false,0,false,false,false,5,8
ocp-dev,admin/api-ocp-dev:6443,https://api.ocp-dev.example.com:6443,dev-team-a,false,0,false,false,false,2,3
ocp-dev,admin/api-ocp-dev:6443,https://api.ocp-dev.example.com:6443,sandbox-app,false,1,false,true,false,2,4
ocp-dev-west,admin/api-ocp-dev-west:6443,https://api.ocp-dev-west.example.com:6443,openshift-monitoring,true,false,0,false,false,false,5,8
ocp-dev-west,admin/api-ocp-dev-west:6443,https://api.ocp-dev-west.example.com:6443,kube-system,true,false,0,false,false,false,5,8
ocp-dev-west,admin/api-ocp-dev-west:6443,https://api.ocp-dev-west.example.com:6443,dev-team-a,false,0,false,false,false,2,3
ocp-dev-west,admin/api-ocp-dev-west:6443,https://api.ocp-dev-west.example.com:6443,sandbox-app,false,1,false,true,false,2,4
ocp-sandbox,admin/api-ocp-sandbox:6443,https://api.ocp-sandbox.example.com:6443,openshift-monitoring,true,false,0,false,false,false,5,8
ocp-sandbox,admin/api-ocp-sandbox:6443,https://api.ocp-sandbox.example.com:6443,kube-system,true,false,0,false,false,false,5,8
ocp-sandbox,admin/api-ocp-sandbox:6443,https://api.ocp-sandbox.example.com:6443,dev-team-a,false,0,false,false,false,2,3
ocp-sandbox,admin/api-ocp-sandbox:6443,https://api.ocp-sandbox.example.com:6443,sandbox-app,false,1,false,true,false,2,4
