cluster_name,cluster_context,cluster_server,name,identity_providers_count,access_token_max_age_seconds,grant_config_method,template_login,template_provider_selection,template_error
ocp-prod-east,admin/api-ocp-prod-east:6443,https://api.ocp-prod-east.example.com:6443,cluster,2,28800,auto,login-template,provider-selection-template,error-template
ocp-staging,admin/api-ocp-staging:6443,https://api.ocp-staging.example.com:6443,cluster,1,28800,auto,,,
ocp-dev,admin/api-ocp-dev:6443,https://api.ocp-dev.example.com:6443,cluster,1,86400,auto,,,
ocp-prod-west,admin/api-ocp-prod-west:6443,https://api.ocp-prod-west.example.com:6443,cluster,2,28800,auto,login-template,provider-selection-template,error-template
ocp-prod-central,admin/api-ocp-prod-central:6443,https://api.ocp-prod-central.example.com:6443,cluster,2,28800,auto,login-template,provider-selection-template,error-template
ocp-stage-west,admin/api-ocp-stage-west:6443,https://api.ocp-stage-west.example.com:6443,cluster,1,28800,auto,,,
ocp-stage-eu,admin/api-ocp-stage-eu:6443,https://api.ocp-stage-eu.example.com:6443,cluster,1,28800,auto,,,
ocp-dev-west,admin/api-ocp-dev-west:6443,https://api.ocp-dev-west.example.com:6443,cluster,1,86400,auto,,,
ocp-sandbox,admin/api-ocp-sandbox:6443,https://api.ocp-sandbox.example.com:6443,cluster,1,86400,auto,,,
