cluster_name,cluster_context,cluster_server,check_category,resource_name,current_version,desired_version,versions_match,update_channel,available_updates,update_state,age_days,details
ocp-prod-east,admin/api-ocp-prod-east:6443,https://api.ocp-prod-east.example.com:6443,clusterversion,version,4.18.28,4.18.28,true,stable-4.18,0,Completed,443,Cluster is on latest stable release
ocp-prod-east,admin/api-ocp-prod-east:6443,https://api.ocp-prod-east.example.com:6443,machineconfigpool,master,rendered-master-abc,rendered-master-abc,true,,,,,3 of 3 nodes updated
ocp-prod-east,admin/api-ocp-prod-east:6443,https://api.ocp-prod-east.example.com:6443,machineconfigpool,worker,rendered-worker-def,rendered-worker-def,true,,,,,6 of 6 nodes updated
ocp-staging,admin/api-ocp-staging:6443,https://api.ocp-staging.example.com:6443,clusterversion,version,4.18.24,4.18.24,true,stable-4.18,2,Completed,397,2 updates available; 4 versions behind latest
ocp-staging,admin/api-ocp-staging:6443,https://api.ocp-staging.example.com:6443,machineconfigpool,master,rendered-master-ghi,rendered-master-ghi,true,,,,,3 of 3 nodes updated
ocp-staging,admin/api-ocp-staging:6443,https://api.ocp-staging.example.com:6443,machineconfigpool,worker,rendered-worker-jkl,rendered-worker-jkl,true,,,,,4 of 4 nodes updated
ocp-dev,admin/api-ocp-dev:6443,https://api.ocp-dev.example.com:6443,clusterversion,version,4.18.18,4.18.18,true,fast-4.18,5,Completed,287,5 updates available; 10 versions behind latest
ocp-dev,admin/api-ocp-dev:6443,https://api.ocp-dev.example.com:6443,machineconfigpool,master,rendered-master-mno,rendered-master-pqr,false,,,,,1 of 1 node updating
ocp-dev,admin/api-ocp-dev:6443,https://api.ocp-dev.example.com:6443,machineconfigpool,worker,rendered-worker-stu,rendered-worker-stu,true,,,,,2 of 2 nodes updated
